"Variable / Field Name","Form Name","Section Header","Field Type","Field Label","Choices, Calculations, OR Slider Labels","Field Note","Text Validation Type OR Show Slider Number","Text Validation Min","Text Validation Max",Identifier?,"Branching Logic (Show field only if...)","Required Field?","Custom Alignment","Question Number (surveys only)","Matrix Group Name","Matrix Ranking?","Field Annotation"
record_id,demographics,,text,"Record ID",,,,,,,,,,,,,
lastname,demographics,Demographics,text,"Last name",,,,,,,,,,,,,
firstname,demographics,,text,"First Name",,,,,,,,,,,,,
mrn,demographics,,text,"Medical Record Number",,,,,,,,,,,,,
dob,demographics,,text,"Date of Birth",,,date_mdy,,,,,,,,,,
sex,demographics,,radio,Gender,"0, Male | 1, Female",,,,,,,,,,,,
lang_first,demographics,,radio,"First language","0, English | 1, Spanish | 2, Other",,,,,,,,,,,,
lang_fluency,demographics,,yesno,"Fluent in other language?",,,,,,,,,,,,,
lang_sec,demographics,,radio,"Secondary language","0, English | 1, Spanish | 2, Other",,,,,,"[lang_fluency] = ""1""",,,,,,
race,demographics,,radio,"Race / Ethnicity","0, Caucasian | 1, Black or African American | 2, Hispanic| 3, Asian | 4, American Indian | 5, Other",,,,,,,,,,,,
hand,demographics,,radio,Handedness,"0, Right | 1, Left | 2, Both",,,,,,,,,,,,
ed_yrs,demographics,,text,"Education years",,,,,,,,,,,,,
ed_level,demographics,,radio,"Level of education","0, 8th grade or less | 1, HS (did not complete) | 2, GED | 3, HS | 4, Some college | 5, Associate's | 6, Bachelors | 7, Masters | 8, Doctorate level",,,,,,,,,,,,
ed_qual,demographics,,text,"Education quality",,,,,,,,,,,,,
ses,demographics,,text,"Socioeconomic status",,,,,,,,,,,,,
employ,demographics,,radio,"Employment status","0, Full-time | 1, Part-time | 2, Unemployed | 3, Disability | 4, Retired | 5, Homemaker",,,,,,,,,,,,
occup,demographics,,notes,Occupation,,,,,,,,,,,,,
occup_categories,demographics,,radio,"Occupation categories","1, Manual | 2, Qualified non-manual/technician/retail | 3, Professional positions | 4, Manager/director/intellectual | 5, Homemaker",,,,,,,,,,,,
occup_recat_homemaker,demographics,,radio,"Occupation categories homemaker ","1, Manual | 2, Qualified non-manual/technician/retail | 3, Professional positions | 4, Manager/director/intellectual",,,,,,,,,,,,
marital,demographics,,radio,"Marital status","0, Single | 1, Long term relationship | 2, Married | 3, Divorced | 4, Widowed",,,,,,,,,,,,
datadoublecheck,demographics,,radio,"Actual NeuroReader and NP test results confirmed or corrected for time 1","0, No | 1, Yes NP | 2, Yes Neuroreader | 3, Yes both NP and NR",,,,,,,,,,,,
include_jakbondi,neurology,Neurology,radio,Bondi,"0, Exclude | 1, Include",,,,,,,,,,,,
jakbondi_mci_type,neurology,,radio,"Bondi MCI type","0, aMCI single | 1, aMCI multiple | 2, naMCI single | 3, naMCI multiple | 4, Normal/No MCI",,,,,,,,,,,,
jakbondi_mci_amnesticvsnonamnestic,neurology,,radio,"Bondi Amnestic Non Amnestic","0, Amnestic | 1, Nonamnestic | 2, Normal/No MCI",,,,,,,,,,,,
jakbondi_domains,neurology,,text,"JakBondi Domains",,,,,,,,,,,,,
petersenmcitype,neurology,,radio,"Petersen MCI type","0, aMCI single | 1, aMCI multiple | 2, naMCI single | 3, naMCI multiple | 4, Normal/No MCI",,,,,,,,,,,,
petersenmci_domains,neurology,,text,"Petersen MCI Domains",,,,,,,,,,,,,
petersen_amnesticvsnonamnestic,neurology,,radio,"Petersen Amnestic vs Nonamnestic","0, Amnestic | 1, Nonamnestic | 2, Normal/No MCI",,,,,,,,,,,,
notes,neurology,,notes,Notes,,,,,,,,,,,,,
amnestic,neurology,,radio,"Data entry for INS","0, Amnestic | 1, Nonamnestic",,,,,,,,,,,,
petersenamnestic,neurology,,radio,"Petersen categorization single vs multiple","0, Amnestic | 1, Nonamnestic",,,,,,,,,,,,
domains,neurology,,radio,"Data entry for INS","0, Single Domain | 1, Multiple Domains",,,,,,,,,,,,
petersendomains,neurology,,radio,"Petersen categorization of domains","0, Single Domain | 1, Multiple Domains",,,,,,,,,,,,
mcitype,neurology,,radio,"Data entry for INS","0, aMCI single| 1, aMCI multiple | 2, naMCI single | 3, naMCI multiple",,,,,,,,,,,,
frontosubcort_v_amnestic,neurology,,radio,"Data entry for INS","0, Amnestic |1, Frontosubcortical | 2, Amnestic and frontosubcortical | 3, Neither/unclear/unkonwn",,,,,,,,,,,,
frontosubcort_v_amnestic_anc,neurology,,radio,"Double check cog impairment subtype","0, Amnestic | 1, Frontosubcortical | 2, Amnestic and frontosubcortical | 3, Neither/unclear/unknown",,,,,,,,,,,,
original_frontosub_v_am_anc,neurology,,radio,"Categorization of cog impairment subtyp re-entered by Anthony when coding Petersen criteria","0, Amnestic | 1, Frontosubcortical | 2, Amnestic and frontosubcortical | 3, Neither/unclear/unkonwn",,,,,,,,,,,,
neurologyvisit_date,neurology,,text,"Neurology visit date",,,,,,,,,,,,,
neurology_etiology,neurology,,text,"Proposed etiology at first visit",,,,,,,,,,,,,
neurologyvisit_date_,neurology,,text,"Date of neurology visit within 1 year of NP",,,,,,,,,,,,,
etiology,neurology,,radio,"Etiology of neurobehavioral syndrome per neuropsychologist","0, AD | 1, vascular disease | 2, Lewy body | 3, parkinson's disease | 4, parkinsonism | 5, mixed AD and vascular | 6, FTD behavioral variant | 7, FTD language variant | 8, Unclear or unknown | 9, Psychiatric or mood related",,,,,,,,,,,,
neurology_etiology_yr,neurology,,text,"Proposed etiology at time 1 within 1 year of NP",,,,,,,,,,,,,
etiology_1_npsy,neurology,,dropdown,"Etiology of neurobehavioral syndrome","0, AD | 1, Vascular disease | 2, Mixed AD & vascular | 3, Parkinsons disease/Parkinsons features | 4, Parkinsons plus | 5, FTD behavioral  variant | 6, PPA | 7, Psychiatric | 8, Alcohol | 9, Multifactorial | 11, Unclear or unknown",,,,,,,,,,,,
etiology_npsy_explained,neurology,,text,"Multifactorial explained",,,,,,,,,,,,,
etiology_1_neurology,neurology,,dropdown,"Etiology proposed by neurology","0, AD | 1, Vascular disease | 2, Mixed AD & vascular | 3, Parkinsons disease/Parkinsons features | 4, Parkinsons plus | 5, FTD behavioral  variant | 6, PPA | 7, Psychiatric | 8, Alcohol | 9, Multifactorial | 10, Unclear or unknown",,,,,,,,,,,,
etiology_1_neurology_explained,neurology,,text,"Multifacorial explained",,,,,,,,,,,,,
neurologyvisitdate,neurology,,text,"Date of most recent visit w neurology",,,,,,,,,,,,,
neurology_dx_old,neurology,,dropdown,"Diagnosis made by neurologist","0, AD | 1, Vascular disease | 2, Mixed AD & vascular | 3, Parkinsons disease/Parkinsons features | 4, Parkinsons plus | 5, FTD behavioral  variant | 6, PPA | 7, Psychiatric | 8, Alcohol | 9, Multifactorial | 11, Unclear or unknown",,,,,,,,,,,,
etiology_anc,neurology,,dropdown,"Categorization of etiology of neurobehavioral syndrome ","0, AD | 1, Vascular disease | 2, Mixed AD & vascular | 3, Parkinsons disease/Parkinsons features | 4, Parkinsons plus | 5, FTD behavioral  variant | 6, PPA | 7, Psychiatric | 8, Alcohol | 9, Multifactorial | 11, Unclear or unknown",,,,,,,,,,,,
neurobehav,neurology,,dropdown,"Neurobehavioral syndrome per neurologist-from initial data entry","0, Normal | 1, aMCI | 2, naMCI | 3, aMCI multi domain | 4, naMCI multi domain | 5, Major neurocog (dementia) | 6, Unclear or unknown",,,,,,,,,,,,
neurobehav_anc,neurology,,dropdown,"Neurobehavioral syndrome categorization entered by Anthonyper when coding Petersen criteria","0, Normal | 1, aMCI | 2, naMCI | 3, aMCI multi domain | 4, naMCI multi domain | 5, Major neurocog (dementia) | 6, Unclear or Unknown",,,,,,,,,,,,
data_entry_ambiguities,neurology,,text,"Information not explicitly stated in record or report but deduced from other information",,,,,,,,,,,,,
cog_onset,neurology,,text,"Age of onset of cognitive decline",,,,,,,,,,,,,
cog_course,neurology,,yesno,"Course of cognitive problems",,,,,,,,,,,,,
cog_mem,neurology,,yesno,"Change in memory",,,,,,,,,,,,,
cog_attn,neurology,,yesno,"Change in attention",,,,,,,,,,,,,
cog_wfp,neurology,,yesno,"Change in word-finding",,,,,,,,,,,,,
cog_para,neurology,,yesno,"Paraphrasic errors",,,,,,,,,,,,,
cog_proc,neurology,,yesno,"Change in processing speed",,,,,,,,,,,,,
cog_probsol,neurology,,yesno,"Change in problem solving",,,,,,,,,,,,,
cog_judg,neurology,,yesno,"Change in judgement",,,,,,,,,,,,,
cog_behav,neurology,,yesno,"Change in behavior",,,,,,,,,,,,,
cog_pers,neurology,,yesno,"Change in personality",,,,,,,,,,,,,
adls,neurology,,yesno,"Decline in basic ADLs",,,,,,,,,,,,,
iadls,neurology,,yesno,"Decline in iADLs",,,,,,,,,,,,,
finance,neurology,,yesno,"Decline in managing finances",,,,,,,,,,,,,
mail,neurology,,yesno,"Decline in managing mail",,,,,,,,,,,,,
cook,neurology,,yesno,"Decine in cooking",,,,,,,,,,,,,
shop,neurology,,yesno,"Decline in shopping",,,,,,,,,,,,,
med,neurology,,yesno,"Decline in managing medications",,,,,,,,,,,,,
drive,neurology,,yesno,"Decline in driving",,,,,,,,,,,,,
appliance,neurology,,yesno,"Decline in operating appliances",,,,,,,,,,,,,
insight,neurology,,yesno,"Insight into cognitive problems",,,,,,,,,,,,,
falls,neurology,,yesno,"Experienced any falls",,,,,,,,,,,,,
diabetes,neurology,,yesno,Diabetes,,,,,,,,,,,,,
a1c,neurology,,text,"A1C level if patient has diabetes",,,,,,,,,,,,,
hypertension,neurology,,yesno,Hypertension,,,,,,,,,,,,,
bpsystolic,neurology,,text,"Systolic blood pressure",,,,,,,,,,,,,
bpdiastolic,neurology,,text,"Diastolic blood pressure",,,,,,,,,,,,,
cva,neurology,,yesno,"Cerebrovascular accident",,,,,,,,,,,,,
cholesterol,neurology,,yesno,"High cholesterol",,,,,,,,,,,,,
cad,neurology,,yesno,"Coronary artery disease",,,,,,,,,,,,,
vascularriskspresent,neurology,,yesno,"Presence of vascular risks (diabetes, HTN, cholesterol, CAD)",,,,,,,,,,,,,
vascularrisks_number,neurology,,text,"Number of vascular risks",,,,,,,,,,,,,
tsh,neurology,,text,"Thyroid stimulating hormone level",,,,,,,,,,,,,
b12,neurology,,text,"Vitamin B12 level",,,,,,,,,,,,,
tbi,neurology,,yesno,"Traumatic brain injury",,,,,,,,,,,,,
tumor,neurology,,yesno,"Brain tumor",,,,,,,,,,,,,
other_neurol,neurology,,yesno,"Other neurologic problems",,,,,,,,,,,,,
other_neurol_prob,neurology,,text,"Description of other neurologic problems",,,,,,,,,,,,,
neurologytx,neurology,,yesno,"Is patient treated by neurologist",,,,,,,,,,,,,
dxdiscrepancybetweenproviders,neurology,,yesno,"Diagnosis discrepancy between neurologist and neuropsychologist",,,,,,,,,,,,,
famhx_dem,neurology,,yesno,"Family history of dementia",,,,,,,,,,,,,
famhx_rel,neurology,,yesno,"Immediate fam hx of dementia",,,,,,,,,,,,,
famhx_demtype,neurology,,text,"Family hx dementia type",,,,,,,,,,,,,
famhx_demtype_explained,neurology,,text,"Family hx dementia type explained",,,,,,,,,,,,,
famhx_onset,neurology,,radio,"Family history age of onset","0, <50 | 1, 50-59 | 2, 60-69 | 3, 70-79 | 4, >80 | 5, Unknown | 6, Other (see family hx onset explained)",,,,,,,,,,,,
famhx_onset_explained,neurology,,text,"Family history onset explained",,,,,,,,,,,,,
psydx,neurology,,radio,"Psychiatric diagnosis ","0, No diagnosis | 1, Depression | 2, Anxiety | 3, Depression & Anxiety | 4, Psychosis | 5, Schizoaffective | 6, Other | 7, Bipolar | 8, PTSD",,,,,,,,,,,,
traumahx,neurology,,yesno,"History of trauma",,,,,,,,,,,,,
premorbidpsych,neurology,,yesno,"Premorbid psychiatric history",,,,,,,,,,,,,
premorbidpsych_description,neurology,,text,"Description of premorbid psychiatric history ",,,,,,,,,,,,,
rx_mem,neurology,,radio,"Prescription for memory medication ","0, No | 1, Current | 2, Previous rx",,,,,,,,,,,,
rm_memname,neurology,,radio,"Name of memory medication ","0, Namenda | 1, Aricept | 2, Exelon | 3, None | 4, Aricept and Exelon",,,,,,,,,,,,
rx_antidep,neurology,,yesno,"Prescription for antidepressant medication ",,,,,,,,,,,,,
rx_anx,neurology,,yesno,"Prescription for anxiolytic medication ",,,,,,,,,,,,,
rx_antipsy,neurology,,yesno,"Prescription for antipsychotic medication ",,,,,,,,,,,,,
mood_curr,neurology,,yesno,"Current mood problems per report during intake ",,,,,,,,,,,,,
therapy,neurology,,yesno,"Current psychotherapy ",,,,,,,,,,,,,
priortx,neurology,,yesno,"Prior mental health tx",,,,,,,,,,,,,
suicide,neurology,,yesno,"Current suicidal ideation ",,,,,,,,,,,,,
psychosis,neurology,,radio,"Current psychosis ","0, No | 1, Past | 2, Current",,,,,,,,,,,,
psychosistype,neurology,,text,"Psychosis type","0, None | 1, Hallucinations | 2, Delusions | 3, Hallucinations and delusions",,,,,,,,,,,,
sleep,neurology,,radio,"Current sleep problems ","0, No | 1, Insomnia | 2, Hypertension | 3, Poor quality | 4, Sleep apnea",,,,,,,,,,,,
osatx,neurology,,yesno,"If have OSA, is it being treated",,,,,,,,,,,,,
sleep_med,neurology,,radio,"Sleep medication ","0, No | 1, Yes (rx) | 2, Yes (OTC) | 3, Unknown if rx or OTC",,,,,,,,,,,,
appetite,neurology,,radio,"Appetite changes ","0, No | 1, Increased | 2, Decreased",,,,,,,,,,,,
etoh_abuse,neurology,,radio,"Alcohol abuse ","0, None | 1, Current | 2, Past | 3, Both",,,,,,,,,,,,
etoh_drinks,neurology,,radio,"Number of drinks ","0, None | 1, 1-2-month | 2, 1-2/wk | 3, 3-7/wk | 4, 1-2/day | 5, 3-5/day | 6, 6-10/day | 7, >10/day",,,,,,,,,,,,
tobacco,neurology,,radio,"Tobacco use ","0, None | 1, Current | 2, Past",,,,,,,,,,,,
drug,neurology,,radio,"Recreational drug use ","0, None | 1, Current | 2, Past",,,,,,,,,,,,
drug_type,neurology,,radio,"Recreational drug use - drug type ","0, None | 1, Marijuana | 2, Cocaine | 3, Heroin | 4, Prescription meds | 5, Methamphetamine | 6, Polysubstance | 7, Other",,,,,,,,,,,,
drug_name,neurology,,text,"Recreational drug use - drug name ",,,,,,,,,,,,,
famhx_psy,neurology,,yesno,"Family history of psychiatric problems",,,,,,,,,,,,,
famhx_psyrel,neurology,,radio,"Family history of psychiatric: relative","0, None | 1, Father | 2, Mother | 3, Both parents | 4, Sibling | 5, Maternal grandparent | 6, Paternal grandparent | 7, Mat and pat grandparents | 8, Child | 9, Other | 10, Unknown",,,,,,,,,,,,
exercise,neurology,,radio,"Current exercise ","0, No | 1, Yes | 2, Not included in report",,,,,,,,,,,,
outside_neuropsych,neurology,,text,"Date of outside neuropsych testing ",,,,,,,,,,,,,
declinefromoutsideeval,neurology,,yesno,"Cognitive decline compared to outside NP eval",,,,,,,,,,,,,
mmsedate,neurology,,text,"Date of 1st MMSE documented in neurology note",,,,,,,,,,,,,
mmsescore,neurology,,text,"MMSE score ",,,,,,,,,,,,,
addenbrookedate,neurology,,text,"Date of first addenbrooke documented in neurology visit",,,,,,,,,,,,,
addenbrooke_tot,neurology,,text,"Overall addenbrooke score time 1 documented in neurology visit",,,,,,,,,,,,,
addenbrooke_attn,neurology,,text,"Insert addenbrooke Attention subscale here ",,,,,,,,,,,,,
addenbrooke_mem,neurology,,text,"Insert Memory subscale here ",,,,,,,,,,,,,
addenbrooke_fluency,neurology,,text,"Insert Fluency subscale here ",,,,,,,,,,,,,
addenbrooke_lang,neurology,,text,"Insert Language subscale here ",,,,,,,,,,,,,
addenbrooke_visuo,neurology,,text,"Insert Visuospatial subscale here ",,,,,,,,,,,,,
neuroim,baseline_testing,,yesno,Neuroimaging,,,,,,,,,,,,,
fdgpet,baseline_testing,,text,"Enter date",,,,,,,,,,,,,
pet_amyvid,baseline_testing,,text,"PET amyvid date",,,,,,,,,,,,,
pet_result,baseline_testing,,radio,"Positive or neg for amyvid","0, Negative | 1, Positive",,,,,,,,,,,,
apoe,baseline_testing,,radio,"APOE e4 status","0, Not in records | 1, e4+",,,,,,,,,,,,
devel_hx,baseline_testing,,yesno,"History of developmental delay",,,,,,,,,,,,,
neuroim_type,baseline_testing,,radio,"Type of neuroimaging","0, CT | 1, MRI | 2, Both",,,,,,,,,,,,
ct_date,baseline_testing,,text,"Date of CT",,,,,,,"[neuroim_type] = ""0"" or [neuroim_type] = ""2""",,,,,,
ct_ab,baseline_testing,,radio,"CT normal or abnormal","0, Normal | 1, Abnormal",,,,,,"[neuroim_type] = ""0"" or [neuroim_type] = ""2""",,,,,,
ct_atrophy,baseline_testing,,radio,"CT findings: atrophy","0, None | 1, R temp | 2, L temp | 3, R frontal | 4, L frontal | 5, bitemp | 6, bifrontal | 7, R parietal | 8, L parietal | 9, R occipital | 10, L occipital | 11, Diffuse | 12, Subcortical | 13, Other | 14, Unknown",,,,,,"[neuroim_type] = ""0"" or [neuroim_type] = ""2""",,,,,,
ct_vent,baseline_testing,,radio,"CT: enlarged lateral ventricles","0, Normal | 1, Right | 2, Left | 3, Both",,,,,,"[neuroim_type] = ""0"" or [neuroim_type] = ""2""",,,,,,
ct_vasc,baseline_testing,,radio,"CT: vascular","0, None | 1, R temp | 2, L temp | 3, R frontal | 4, L frontal | 5, bitemp | 6, bifrontal | 7, R parietal | 8, L parietal | 9, R occipital | 10, L occipital | 11, Diffuse | 12, Subcortical | 13, Other | 14, Unknown",,,,,,"[neuroim_type] = ""0"" or [neuroim_type] = ""2""",,,,,,
ct_other,baseline_testing,,text,"CT: other",,,,,,,"[neuroim_type] = ""0"" or [neuroim_type] = ""2""",,,,,,
mri_date,baseline_testing,,text,"Date of MRI",,,,,,,"[neuroim_type] = ""1"" or [neuroim_type] = ""2""",,,,,,
mri_ab,baseline_testing,,radio,"MRI normal or abnormal","0, Normal | 1, Abnormal",,,,,,"[neuroim_type] = ""1"" or [neuroim_type] = ""2""",,,,,,
mri_atrophy,baseline_testing,,radio,"MRI: atrophy","0, None | 1, R temp | 2, L temp | 3, R frontal | 4, L frontal | 5, bitemp | 6, bifrontal | 7, R parietal | 8, L parietal | 9, R occipital | 10, L occipital | 11, Diffuse | 12, Subcortical | 13, Other | 14, Unknown",,,,,,"[neuroim_type] = ""1"" or [neuroim_type] = ""2""",,,,,,
mri_hippatro,baseline_testing,,radio,"MRI: hippocampal atrophy","0, None | 1, Right | 2, Left | 3, Bilateral",,,,,,"[neuroim_type] = ""1"" or [neuroim_type] = ""2""",,,,,,
mri_hippscler,baseline_testing,,radio,"MRI: hippocampal sclerosis","0, None | 1, Right | 2, Left | 3, Bilateral",,,,,,"[neuroim_type] = ""1"" or [neuroim_type] = ""2""",,,,,,
mri_vascular,baseline_testing,,radio,"MRI: vascular","0, None | 1, Periventricular | 2, Diffuse",,,,,,"[neuroim_type] = ""1"" or [neuroim_type] = ""2""",,,,,,
mri_wm,baseline_testing,,radio,"MRI: white matter changes","0, None | 1, Mild | 2, Moderate | 3, Severe",,,,,,"[neuroim_type] = ""1"" or [neuroim_type] = ""2""",,,,,,
mri_tumor,baseline_testing,,radio,"MRI: tumor","0, None | 1, R temp | 2, L temp | 3, R frontal | 4, L frontal | 5, bitemp | 6, bifrontal | 7, R parietal | 8, L parietal | 9, R occipital | 10, L occipital | 11, Diffuse | 12, Subcortical | 13, Other | 14, Unknown",,,,,,"[neuroim_type] = ""1"" or [neuroim_type] = ""2""",,,,,,
np_date,neuropsych_tests,"Neuropsych tests",text,"Date of neuropsych test",,,date_mdy,,,,,,,,,,
npsydate,neuropsych_tests,,text,"Date of 1st NP eval that corresponds to neuroreader",,,,,,,,,,,,,
np_provider,neuropsych_tests,,dropdown,"NP provider ","1, Umfleet | 2, Bobholz | 3, Swanson | 4, Sabsevitz | 5, Reiter & Swanson | 6, Reiter & Bobholz | 7, Quasney & Umfleet | 8, Quasney & Sabsevitz | 9, Elverman & Sabsevitz | 10, Leo & Bobholz | 11, Restrepo & Sabsevitz | 12, Leo | 13, Quasney & Bobholz | 14, Pillay & Swanson |15, Quasney & Swanson | 16, Geiger | 17, Pillay & Umfleet | 18, Pillay & Sabsevitz | 19, Umfleet & Bobholz | 20, Rosberry & Swanson | 21,. Elverman & Umfleet | 22, Stanek & Sabsevitz | 23, Reiter & Sabsevitz | 24, Glass & Sabsevitz | 25, Nelson | 26, Reiter & Umfleet | 27, Stanek & Swanson | 28, Elverman & Swanson | 29, Parker & Umfleet | 30, Trivedi & Bobholz | 31, Maple & Swanson",,,,,,,,,,,,
age,neuropsych_tests,,text,"Age at first Neuropsych eval within 1 year of NeuroReader",,,,,,,,,,,,,
wms_io_raw,neuropsych_tests,,text,"WMS Info/Orientation raw score",,,,,,,,,,,,,
wms_io_per,neuropsych_tests,,text,"WMS Info/Orientation percentile",,,,,,,,,,,,,
wais,neuropsych_tests,,yesno,WAIS,,,,,,,,,,,,,
wais_ver,neuropsych_tests,,radio,"WAIS version","0, WAIS-3 | 1, WAIS-4",,,,,,"[wais] = ""1""",,,,,,
fsiq,neuropsych_tests,,text,"Full Scale IQ (SS)",,,,,,,"[wais] = ""1""",,,,,,
vci,neuropsych_tests,,text,"Verbal Comprehension Index (SS)",,,,,,,"[wais] = ""1""",,,,,,
sim_raw,neuropsych_tests,,text,"Similarities raw score",,,,,,,"[wais] = ""1""",,,,,,
sim_ss,neuropsych_tests,,text,"Similarities scaled score",,,,,,,"[wais] = ""1""",,,,,,
voc_raw,neuropsych_tests,,text,"Vocabulary raw score",,,,,,,"[wais] = ""1""",,,,,,
voc_ss,neuropsych_tests,,text,"Vocabulary scaled score",,,,,,,"[wais] = ""1""",,,,,,
in_raw,neuropsych_tests,,text,"Information raw score",,,,,,,"[wais] = ""1""",,,,,,
in_ss,neuropsych_tests,,text,"Information scaled score",,,,,,,"[wais] = ""1""",,,,,,
pri,neuropsych_tests,,text,"Perceptual Reasoning Index",,,,,,,"[wais] = ""1""",,,,,,
bd_raw,neuropsych_tests,,text,"Block Design raw score",,,,,,,"[wais] = ""1""",,,,,,
bd_ss,neuropsych_tests,,text,"Block Design scaled score",,,,,,,"[wais] = ""1""",,,,,,
mr_raw,neuropsych_tests,,text,"Matrix Reasoning raw score",,,,,,,"[wais] = ""1""",,,,,,
mr_ss,neuropsych_tests,,text,"Matrix Reasoning scaled score",,,,,,,"[wais] = ""1""",,,,,,
vp_raw,neuropsych_tests,,text,"Visual Puzzles raw score",,,,,,,"[wais] = ""1""",,,,,,
vp_ss,neuropsych_tests,,text,"Visual Puzzles scaled score",,,,,,,"[wais] = ""1""",,,,,,
wmi,neuropsych_tests,,text,"Working Memory Index",,,,,,,"[wais] = ""1""",,,,,,
dsp_raw,neuropsych_tests,,text,"Digit Span raw score",,,,,,,"[wais] = ""1""",,,,,,
dsp_ss,neuropsych_tests,,text,"Digit Span scaled score",,,,,,,"[wais] = ""1""",,,,,,
dsp_rel,neuropsych_tests,,text,"Digit Span reliable digits",,,,,,,"[wais] = ""1""",,,,,,
ar_raw,neuropsych_tests,,text,"Arithmetic raw score",,,,,,,"[wais] = ""1""",,,,,,
ar_ss,neuropsych_tests,,text,"Arithmetic scaled score",,,,,,,"[wais] = ""1""",,,,,,
psi,neuropsych_tests,,text,"Processing Speed Index",,,,,,,"[wais] = ""1""",,,,,,
ss_raw,neuropsych_tests,,text,"Symbol Search raw score",,,,,,,"[wais] = ""1""",,,,,,
ss_ss,neuropsych_tests,,text,"Symbol Search scaled score",,,,,,,"[wais] = ""1""",,,,,,
cd_raw,neuropsych_tests,,text,"Coding raw score",,,,,,,"[wais] = ""1""",,,,,,
cd_ss,neuropsych_tests,,text,"Coding scaled score",,,,,,,"[wais] = ""1""",,,,,,
wms,neuropsych_tests,,yesno,,,,,,,,,,,,,,
wms_ver,neuropsych_tests,,radio,"WMS version","0, WMS-3 | 1, WMS-4",,,,,,"[wms] = ""1""",,,,,,
lm_ver,neuropsych_tests,,text,"Logical Memory version",,,,,,,"[wms] = ""1""",,,,,,
lmi_raw,neuropsych_tests,,text,"Logical Memory I raw score",,,,,,,"[wms] = ""1""",,,,,,
lmi_ss,neuropsych_tests,,text,"Logical Memory I standard score",,,,,,,"[wms] = ""1""",,,,,,
lmii_raw,neuropsych_tests,,text,"Logical Memory II raw score",,,,,,,"[wms] = ""1""",,,,,,
lmii_ss,neuropsych_tests,,text,"Logical Memory II standard score",,,,,,,"[wms] = ""1""",,,,,,
lmrec_raw,neuropsych_tests,,text,"Logical Memory recognition raw score",,,,,,,"[wms] = ""1""",,,,,,
lmrec_per,neuropsych_tests,,text,"Logical Memory recognition percentile",,,,,,,"[wms] = ""1""",,,,,,
vpai_raw,neuropsych_tests,,text,"Verbal Paired Associates I raw score",,,,,,,"[wms] = ""1""",,,,,,
vpai_ss,neuropsych_tests,,text,"Verbal Paired Associates I scaled score",,,,,,,"[wms] = ""1""",,,,,,
vpaii_raw,neuropsych_tests,,text,"Verbal Paired Associates II raw score",,,,,,,"[wms] = ""1""",,,,,,
vpaii_ss,neuropsych_tests,,text,"Verbal Paired Associates II scaled score",,,,,,,"[wms] = ""1""",,,,,,
vparec_raw,neuropsych_tests,,text,"Verbal Paired Associates recognition raw score",,,,,,,"[wms] = ""1""",,,,,,
vparec_perc,neuropsych_tests,,text,"Verbal Paired Associates recognition percentile",,,,,,,"[wms] = ""1""",,,,,,
vri_raw,neuropsych_tests,,text,"Visual Reproduction I raw score",,,,,,,"[wms] = ""1""",,,,,,
vri_ss,neuropsych_tests,,text,"Visual Reproduction I standard score",,,,,,,"[wms] = ""1""",,,,,,
vrii_raw,neuropsych_tests,,text,"Visual Reproduction II raw score",,,,,,,"[wms] = ""1""",,,,,,
vrii_ss,neuropsych_tests,,text,"Visual Reproduction II standard score",,,,,,,"[wms] = ""1""",,,,,,
vrrec_raw,neuropsych_tests,,text,"Visual Reproduction recognition raw score",,,,,,,"[wms] = ""1""",,,,,,
vrrec_per,neuropsych_tests,,text,"Visual Reproduction recognition percentile",,,,,,,"[wms] = ""1""",,,,,,
vrcopy_raw,neuropsych_tests,,text,"Visual Reproduction Copy trial raw score",,,,,,,"[wms] = ""1""",,,,,,
vrcopy_perc,neuropsych_tests,,radio,"Visual Reproduction Copy trial percentile","0, <2 | 1, 3-9 | 2, 10-16 | 3, 17-25 | 4, 26-50 | 5, 51-75 | 6, >75",,,,,,"[wms] = ""1""",,,,,,
spat_span_raw,neuropsych_tests,,text,"Spatial Span raw score",,,,,,,"[wms] = ""1""",,,,,,
spat_span_ss,neuropsych_tests,,text,"Spatial Span scaled score",,,,,,,"[wms] = ""1""",,,,,,
hvlt,neuropsych_tests,,yesno,HVLT,,,,,,,,,,,,,
hvlt_form,neuropsych_tests,,radio,"list hvlt form here","1, 1 | 2, 2 | 3, 3 | 4, 4 | 5, 5",,,,,,"[hvlt] = ""1""",,,,,,
hvlt_tot_raw,neuropsych_tests,,text,"HVLT total recall raw score",,,,,,,"[hvlt] = ""1""",,,,,,
hvlt_tot_ss,neuropsych_tests,,text,"HVLT total recall standard score",,,,,,,"[hvlt] = ""1""",,,,,,
hvlt_tot_per,neuropsych_tests,,text,"HVLT total recall perseverations",,,,,,,"[hvlt] = ""1""",,,,,,
hvlt_tot_int,neuropsych_tests,,text,"HVLT total recall intrusions",,,,,,,"[hvlt] = ""1""",,,,,,
hvlt_delay_raw,neuropsych_tests,,text,"HVLT delayed recall raw score",,,,,,,"[hvlt] = ""1""",,,,,,
hvlt_delay_ss,neuropsych_tests,,text,"HVLT delayed recall standard score",,,,,,,"[hvlt] = ""1""",,,,,,
hvlt_perc_raw,neuropsych_tests,,text,"HVLT percent retention raw score",,,,,,,"[hvlt] = ""1""",,,,,,
hvlt_perc_ss,neuropsych_tests,,text,"HVLT percent retention standard score",,,,,,,"[hvlt] = ""1""",,,,,,
hvlt_disc_raw,neuropsych_tests,,text,"HVLT discrimination index raw score",,,,,,,"[hvlt] = ""1""",,,,,,
hvlt_disc_ss,neuropsych_tests,,text,"HVLT discrimination index standard score",,,,,,,"[hvlt] = ""1""",,,,,,
hvlt_disc_tp,neuropsych_tests,,text,"HVLT discrimination index true positives",,,,,,,"[hvlt] = ""1""",,,,,,
hvlt_disc_fp,neuropsych_tests,,text,"HVLT discrimination index false positives",,,,,,,"[hvlt] = ""1""",,,,,,
hvlt_disc_fn,neuropsych_tests,,text,"HVLT discrimination index false negatives",,,,,,,"[hvlt] = ""1""",,,,,,
hvlt_memprofile,neuropsych_tests,,text,,,,,,,,"[hvlt] = ""1""",,,,,,
hvlt_memprofile_mixedexplained,neuropsych_tests,,text,,,,,,,,"[hvlt] = ""1""",,,,,,
cvlt,neuropsych_tests,,yesno,,,,,,,,,,,,,,
cvlt_form,neuropsych_tests,,radio,"CVLT-II form","0, STD | 1, ALT",,,,,,"[cvlt] = ""1""",,,,,,
cvlt_tot_raw,neuropsych_tests,,text,"CVLT-II total recall raw score",,,,,,,"[cvlt] = ""1""",,,,,,
cvlt_tot_ss,neuropsych_tests,,text,"CVLT-II total recall standard score",,,,,,,"[cvlt] = ""1""",,,,,,
cvlt_sdelayfree_raw,neuropsych_tests,,text,"CVLT-II short delay free recall raw score",,,,,,,"[cvlt] = ""1""",,,,,,
cvlt_sdelayfree_ss,neuropsych_tests,,text,"CVLT-II short delay free recall standard score",,,,,,,"[cvlt] = ""1""",,,,,,
cvlt_sdelaycued_raw,neuropsych_tests,,text,"CVLT-II short delay cued recall raw score",,,,,,,"[cvlt] = ""1""",,,,,,
cvlt_sdelaycued_ss,neuropsych_tests,,text,"CVLT-II short delay cued recall standard score",,,,,,,"[cvlt] = ""1""",,,,,,
cvlt_ldelayfree_raw,neuropsych_tests,,text,"CVLT-II long delay free recall raw score",,,,,,,"[cvlt] = ""1""",,,,,,
cvlt_ldelayfree_ss,neuropsych_tests,,text,"CVLT-II long delay free recall standard score",,,,,,,"[cvlt] = ""1""",,,,,,
cvlt_ldelaycued_raw,neuropsych_tests,,text,"CVLT-II long delay cued recall raw score",,,,,,,"[cvlt] = ""1""",,,,,,
cvlt_ldelaycued_ss,neuropsych_tests,,text,"CVLT-II long delay cued recall standard score",,,,,,,"[cvlt] = ""1""",,,,,,
cvlt_recogdisc_raw,neuropsych_tests,,text,"CVLT-II recognition discriminability raw score",,,,,,,"[cvlt] = ""1""",,,,,,
cvlt_recogdisc_ss,neuropsych_tests,,text,"CVLT-II recognition discriminability standard score",,,,,,,"[cvlt] = ""1""",,,,,,
cvlt_fcrecog_perc,neuropsych_tests,,text,"CVLT-II forced choice recognition percent correct",,,,,,,"[cvlt] = ""1""",,,,,,
bvmt,neuropsych_tests,,yesno,BVMT,,,,,,,,,,,,,
bvmt_form,neuropsych_tests,,radio,"BVMT-R form ","1, 1 | 2, 2 | 3, 3 | 4, 4 | 5, 5 | 6, 6",,,,,,"[bvmt] = ""1""",,,,,,
bvmt_tot_raw,neuropsych_tests,,text,"BVMT-R Total Recall raw score",,,,,,,"[bvmt] = ""1""",,,,,,
bvmt_tot_ss,neuropsych_tests,,text,"BVMT-R Total Recall standard score",,,,,,,"[bvmt] = ""1""",,,,,,
bvmt_delay_raw,neuropsych_tests,,text,"BVMT-R Delayed Recall raw score",,,,,,,"[bvmt] = ""1""",,,,,,
bvmt_delay_ss,neuropsych_tests,,text,"BVMT-R Delayed Recall standard score",,,,,,,"[bvmt] = ""1""",,,,,,
bvmt_rec_raw,neuropsych_tests,,text,"BVMT-R Discrimination Index raw score",,,,,,,"[bvmt] = ""1""",,,,,,
bvmt_rec_perc,neuropsych_tests,,radio,"BVMT-R Discrimination Index percentile","0, <2 | 1, 3-5 | 2, 11-16 | 3, 17-25 | 4, 26-50 | 5, 51-75 | 6, >75",,,,,,"[bvmt] = ""1""",,,,,,
bnt,neuropsych_tests,,yesno,BNT,,,,,,,,,,,,,
bnt_ver,neuropsych_tests,,radio,"Boston Naming Test version","0, Full",,,,,,"[bnt] = ""1""",,,,,,
bnt_raw,neuropsych_tests,,text,"Boston Naming raw score",,,,,,,"[bnt] = ""1""",,,,,,
bnt_ss,neuropsych_tests,,text,"Boston Naming standard score",,,,,,,"[bnt] = ""1""",,,,,,
bdae,neuropsych_tests,,yesno,BDAE,,,,,,,,,,,,,
bdae_cim_raw,neuropsych_tests,,text,"BDAE Complex Ideational Material raw score",,,,,,,"[bdae] = ""1""",,,,,,
bdae_cim_ss,neuropsych_tests,,text,"BDAE Complex Ideational Material standard score",,,,,,,"[bdae] = ""1""",,,,,,
bdae_rs_raw,neuropsych_tests,,text,"BDAE Repetition of Sentences raw score",,,,,,,"[bdae] = ""1""",,,,,,
bdae_rn_raw,neuropsych_tests,,text,"BDAE Response Naming raw score",,,,,,,"[bdae] = ""1""",,,,,,
bdae_rn_class,neuropsych_tests,,radio,"BDAE Response Naming classification","0, WNL | 1, Mild | 2, Mod | 3, Sev",,,,,,"[bdae] = ""1""",,,,,,
bdae_ct_raw,neuropsych_tests,,text,"BDAE Picture Description: Cookie Theft (Written) raw score",,,,,,,"[bdae] = ""1""",,,,,,
bdae_sp_raw,neuropsych_tests,,text,"BDAE Semantic Probe raw score",,,,,,,"[bdae] = ""1""",,,,,,
bdae_praxis_ng_raw,neuropsych_tests,,text,"BDAE Praxis Natural Gestures raw score",,,,,,,"[bdae] = ""1""",,,,,,
bdae_praxis_cg_raw,neuropsych_tests,,text,"BDAE Praxis Conventional Gestures raw score",,,,,,,"[bdae] = ""1""",,,,,,
bdae_praxis_upo_raw,neuropsych_tests,,text,"BDAE Praxis Use of Pretended Objects raw score",,,,,,,"[bdae] = ""1""",,,,,,
bdae_praxis_bfrm_raw,neuropsych_tests,,text,"BDAE Praxis Bucco-Facial/Respiratory Movements raw score",,,,,,,"[bdae] = ""1""",,,,,,
bdae_wc_raw,neuropsych_tests,,text,"BDAE Word Comprehension (Body Parts) raw score",,,,,,,"[bdae] = ""1""",,,,,,
wrat,neuropsych_tests,,yesno,WRAT-4,,,,,,,,,,,,,
wratread_form,neuropsych_tests,,radio,"WRAT-4 Word Reading form","1, Blue | 2, Green",,,,,,"[wrat] = ""1""",,,,,,
wratread_raw,neuropsych_tests,,text,"WRAT-4 Word Reading raw score",,,,,,,"[wrat] = ""1""",,,,,,
wratread_ss,neuropsych_tests,,text,"WRAT-4 Word Reading standard score",,,,,,,"[wrat] = ""1""",,,,,,
wjiii,neuropsych_tests,,yesno,WJ-III,,,,,,,,,,,,,
wjiii_wa_raw,neuropsych_tests,,text,"WJ-III Word Attack raw score",,,,,,,"[wjiii] = ""1""",,,,,,
wjiii_wa_ss,neuropsych_tests,,text,"WJ-III Word Attack standard score",,,,,,,"[wjiii] = ""1""",,,,,,
clock,neuropsych_tests,,yesno,,,,,,,,,,,,,,
clock_score,neuropsych_tests,,text,"Clock Drawing score",,,,,,,"[clock] = ""1""",,,,,,
clock_time,neuropsych_tests,,text,"Clock drawn with hands at 10 to 11",,,,,,,"[clock] = ""1""",,,,,,
clock_class,neuropsych_tests,,text,"Clock Drawing classification",,,,,,,"[clock] = ""1""",,,,,,
jlo,neuropsych_tests,,yesno,JLO,,,,,,,,,,,,,
jlo_form,neuropsych_tests,,text,"JLO Form/Version",,,,,,,"[jlo] = ""1""",,,,,,
jlo_raw,neuropsych_tests,,text,"JLO raw score",,,,,,,"[jlo] = ""1""",,,,,,
jlo_ss,neuropsych_tests,,text,"JLO standard score",,,,,,,"[jlo] = ""1""",,,,,,
sdmt,neuropsych_tests,,yesno,SDMT,,,,,,,,,,,,,
sdmt_writ_raw,neuropsych_tests,,text,"Symbol Digit Modalities Test written raw score",,,,,,,"[sdmt] = ""1""",,,,,,
sdmt_writ_ss,neuropsych_tests,,text,"Symbol Digit Modalities Test written standard score",,,,,,,"[sdmt] = ""1""",,,,,,
sdmt_oral_raw,neuropsych_tests,,text,"Symbol Digit Modalities Test oral raw score",,,,,,,"[sdmt] = ""1""",,,,,,
sdmt_oral_ss,neuropsych_tests,,text,"Symbol Digit Modalities Test oral standard score",,,,,,,"[sdmt] = ""1""",,,,,,
pasat,neuropsych_tests,,text,PASAT,,,,,,,,,,,,,
pasat_form,neuropsych_tests,,radio,"PASAT Form","0, A | 1, B",,,,,,"[pasat] = ""1""",,,,,,
pasat_3srate_raw,neuropsych_tests,,text,"PASAT 3"" rate raw score",,,,,,,"[pasat] = ""1""",,,,,,
pasat_3srate_ss,neuropsych_tests,,text,"PASAT 3"" rate standard score",,,,,,,"[pasat] = ""1""",,,,,,
pasat_2srate_raw,neuropsych_tests,,text,"PASAT 2"" rate raw score",,,,,,,"[pasat] = ""1""",,,,,,
pasat_2srate_ss,neuropsych_tests,,text,"PASAT 2"" rate standard score",,,,,,,"[pasat] = ""1""",,,,,,
cpt3,neuropsych_tests,,yesno,CPT3,,,,,,,,,,,,,
cpt3_disc_ss,neuropsych_tests,,text,"CPT3 Detectability scaled score",,,,,,,"[cpt3] = ""1""",,,,,,
cpt3_detect_ss,neuropsych_tests,,text,"CPT3 Detectability standard score",,,integer,,,,,,,,,,
cpt3_detect_class,neuropsych_tests,,radio,"CPT3 Detectability classification","0, Good detection | 1, Avg. detection | 2, Slightly below avg. detection | 3, Below avg. detection | 4, Very poor detection",,,,,,"[cpt3] = ""1""",,,,,,
cpt3_omis_ss,neuropsych_tests,,text,"CPT3 Omissions standard score",,,,,,,"[cpt3] = ""1""",,,,,,
cpt3_omis_class,neuropsych_tests,,radio,"CPT3 Omissions classification","0, Low error rate | 1, Average error rate | 2, Slightly elevated error rate | 3, Elevated error rate | 4, Very elevated error rate",,,,,,"[cpt3] = ""1""",,,,,,
cpt3_comis_ss,neuropsych_tests,,text,"CPT3 Commissions standard score",,,,,,,"[cpt3] = ""1""",,,,,,
cpt3_comis_class,neuropsych_tests,,radio,"CPT3 Commissions classification","0, Low error rate | 1, Average error rate | 2, Slightly elevated error rate | 3, Elevated error rate | 4, Very elevated error rate",,,,,,"[cpt3] = ""1""",,,,,,
cpt3_per_ss,neuropsych_tests,,text,"CPT3 Perseverations standard score",,,,,,,"[cpt3] = ""1""",,,,,,
cpt3_per_class,neuropsych_tests,,radio,"CPT3 Perseverations classification","0, Low error rate | 1, Average error rate | 2, Slightly elevated error rate | 3, Elevated error rate | 4, Very elevated error rate",,,,,,"[cpt3] = ""1""",,,,,,
cpt3_hrt_ss,neuropsych_tests,,text,"CPT3 HRT standard score",,,,,,,"[cpt3] = ""1""",,,,,,
cpt3_hrt_class,neuropsych_tests,,radio,"CPT3 HRT classification","0, Atypically fast | 1, Average | 2, A little slow | 3, Slow | 4, Atypically slow",,,,,,"[cpt3] = ""1""",,,,,,
cpt3_hrtsd_ss,neuropsych_tests,,text,"CPT3 HRT SD standard score",,,,,,,"[cpt3] = ""1""",,,,,,
cpt3_hrtsd_class,neuropsych_tests,,radio,"CPT3 HRT SD classification","0, Good consistency | 1, Avg consistency | 2, Slightly below avg consistency | 3, Below avg. consistency | 4, Very poor consistency",,,,,,"[cpt3] = ""1""",,,,,,
cpt3_var_ss,neuropsych_tests,,text,"CPT3 Variability standard score",,,,,,,"[cpt3] = ""1""",,,,,,
cpt3_var_class,neuropsych_tests,,radio,"CPT3 Variability classification","0, Low variability | 1, Avg variability | 2, Slightly elevated variability | 3, Elevated variability | 4, Very elevated variability",,,,,,"[cpt3] = ""1""",,,,,,
cpt3_hrtbc_ss,neuropsych_tests,,text,"CPT3 HRT Block Change standard score",,,,,,,"[cpt3] = ""1""",,,,,,
cpt3_hrtbc_class,neuropsych_tests,,radio,"CPT3 HRT Block Change classification","0, Stable RT across blocks | 1, Avg. RT change across blocks | 2, Slight RT slowing | 3, Substantial RT slowing | 4, Extreme RT slowing",,,,,,"[cpt3] = ""1""",,,,,,
cpt3_hrtisi_ss,neuropsych_tests,,text,"CPT3 HRT ISI Change standard score",,,,,,,"[cpt3] = ""1""",,,,,,
cpt3_hrtisi_class,neuropsych_tests,,radio,"CPT3 HRT ISI Change classification","0, Stable RT across Isls | 1, Avg. RT change across Isls | 2, Slight RT slowing | 3, Sunstansial RT slowing | 4, Extreme RT slowing",,,,,,"[cpt3] = ""1""",,,,,,
trails,neuropsych_tests,,yesno,Trails,,,,,,,,,,,,,
trails_ver,neuropsych_tests,,radio,"Trails version","0, STD | 1, Oral | 2, DKEFS",,,,,,"[trails] = ""1""",,,,,,
trailsa_raw,neuropsych_tests,,text,"Trails A raw score",,,,,,,"[trails] = ""1""",,,,,,
trailsa_ss,neuropsych_tests,,text,"Trails A standard score",,,,,,,"[trails] = ""1""",,,,,,
trailsa_err,neuropsych_tests,,text,"Trails A number of errors",,,,,,,"[trails] = ""1""",,,,,,
trailsb_raw,neuropsych_tests,,text,"Trails B raw score",,,,,,,"[trails] = ""1""",,,,,,
trailsb_ss,neuropsych_tests,,text,"Trails B standard score",,,,,,,"[trails] = ""1""",,,,,,
trailsb_err,neuropsych_tests,,text,"Trails B number of errors",,,,,,,"[trails] = ""1""",,,,,,
wcst,neuropsych_tests,,yesno,WCST,,,,,,,,,,,,,
wcst_ver,neuropsych_tests,,radio,"WCST version","0, STD | 1, 1-deck",,,,,,"[wcst] = ""1""",,,,,,
wcst_cat_raw,neuropsych_tests,,text,"WCST total categories raw score",,,,,,,"[wcst] = ""1""",,,,,,
wcst_cat_perc,neuropsych_tests,,radio,"WCST total categories percentile rank","0, < 1 | 1, 2-5 | 2, 6-10 | 3, 11-16 | 4, > 16",,,,,,"[wcst] = ""1""",,,,,,
wcst_fms_raw,neuropsych_tests,,text,"WCST failure to maintain set raw score",,,,,,,"[wcst] = ""1""",,,,,,
wcst_fms_perc,neuropsych_tests,,radio,"WCST failure to maintain set percentile rank","0, < 1 | 1, 2-5 | 2, 6-10 | 3, 11-16 | 4, > 16",,,,,,"[wcst] = ""1""",,,,,,
wcst_err_raw,neuropsych_tests,,text,"WCST total errors raw score",,,,,,,"[wcst] = ""1""",,,,,,
wcst_err_ss,neuropsych_tests,,text,"WCST total errors standard score",,,,,,,"[wcst] = ""1""",,,,,,
wcst_per_raw,neuropsych_tests,,text,"WCST perseverations raw score",,,,,,,"[wcst] = ""1""",,,,,,
wcst_per_ss,neuropsych_tests,,text,"WCST perseverations standard score",,,,,,,"[wcst] = ""1""",,,,,,
letterfluency,neuropsych_tests,,yesno,"Letter Fluency",,,,,,,,,,,,,
letfluency_ver,neuropsych_tests,,radio,"Letter Fluency Version","0, DKEFS-std | 1, DKEFS-alt | 2, FAS | 3, COWA",,,,,,"[letterfluency] = ""1""",,,,,,
dkefsletterflue_raw,neuropsych_tests,,text,"DKEFS Verbal Fluency, Letter Fluency Raw Score",,,,,,,"[letterfluency] = ""1""",,,,,,
dkefsletterflue_ss,neuropsych_tests,,text,"DKEFS Verbal Fluency, Letter Fluency Scaled Score",,,,,,,"[letterfluency] = ""1""",,,,,,
dkefsletterlfue_per,neuropsych_tests,,text,"DKEFS Verbal Fluency, Letter Fluency perseverations",,,,,,,"[letterfluency] = ""1""",,,,,,
dkefsleterflue_int,neuropsych_tests,,text,"DKEFS Verbal Fluency, Letter Fluency intrusions",,,,,,,"[letterfluency] = ""1""",,,,,,
letfluency_raw,neuropsych_tests,,text,"Letter Fluency raw score",,,,,,,"[letterfluency] = ""1""",,,,,,
letfluency_ss,neuropsych_tests,,text,"Letter Fluency standard score",,,,,,,"[letterfluency] = ""1""",,,,,,
letfluency_per,neuropsych_tests,,text,"Letter Fluency perseverations",,,,,,,"[letterfluency] = ""1""",,,,,,
letfluency_int,neuropsych_tests,,text,"Letter Fluency intrusions",,,,,,,"[letterfluency] = ""1""",,,,,,
catfluency_ver,neuropsych_tests,,radio,"Category Fluency version","0, DKEFS-std | 1, DKEFS-alt | 2, Animals",,,,,,"[letterfluency] = ""1""",,,,,,
dkefscatflu_raw,neuropsych_tests,,text,"DKEFS Verbal Fluency, Category Fluency raw score",,,,,,,"[letterfluency] = ""1""",,,,,,
dkefscatflu_ss,neuropsych_tests,,text,"DKEFS Verbal Fluency, Category Fluency scaled score",,,,,,,"[letterfluency] = ""1""",,,,,,
dkefscatflu_per,neuropsych_tests,,text,"DKEFS Verbal Fluency, Category Fluency perseverations",,,,,,,"[letterfluency] = ""1""",,,,,,
dkefscatflu_int,neuropsych_tests,,text,"DKEFS Verbal Fluency, Category Fluency intrusions",,,,,,,"[letterfluency] = ""1""",,,,,,
catfluency_raw,neuropsych_tests,,text,"Category Fluency raw score",,,,,,,"[letterfluency] = ""1""",,,,,,
catfluency_ss,neuropsych_tests,,text,"Category Fluency standard score",,,,,,,"[letterfluency] = ""1""",,,,,,
catfluency_per,neuropsych_tests,,text,"Category Fluency perseverations",,,,,,,"[letterfluency] = ""1""",,,,,,
catfluency_int,neuropsych_tests,,text,"Category Fluency intrusions",,,,,,,"[letterfluency] = ""1""",,,,,,
dkefs_switch_vers,neuropsych_tests,,radio,"DKEFS Switching Version","0, STD | 1, ALT",,,,,,"[letterfluency] = ""1""",,,,,,
dkefsswitchfluency_raw,neuropsych_tests,,text,"If DKEFS Switching was administered, raw score",,,,,,,"[letterfluency] = ""1""",,,,,,
dkefsswitchfluency_ss,neuropsych_tests,,text,"Switching fluency scaled score",,,,,,,"[letterfluency] = ""1""",,,,,,
dkefsswitchaccuracy_raw,neuropsych_tests,,text,"Switching accuracy raw score",,,,,,,"[letterfluency] = ""1""",,,,,,
dkefsswitchaccuracy_ss,neuropsych_tests,,text,"Switching accuracy scaled score",,,,,,,"[letterfluency] = ""1""",,,,,,
dkefstrails_vis_scan_raw,neuropsych_tests,,text,"DKEFS Trail Making Visual Scanning raw score",,,,,,,"[letterfluency] = ""1""",,,,,,
dkefstrails_vis_scan_ss,neuropsych_tests,,text,"DKEFS Trail Making Visual Scanning scaled score",,,,,,,"[letterfluency] = ""1""",,,,,,
dkefstrails_num_seq_raw,neuropsych_tests,,text,"DKEFS Number Sequencing raw score",,,,,,,"[letterfluency] = ""1""",,,,,,
dkefstrails_num_seq_ss,neuropsych_tests,,text,"DKEFS Number Sequencing scaled score",,,,,,,"[letterfluency] = ""1""",,,,,,
dkefstrails_let_seq_raw,neuropsych_tests,,text,"DKEFS Letter Sequencing raw score",,,,,,,"[letterfluency] = ""1""",,,,,,
dkefstrails_let_seq_ss,neuropsych_tests,,text,"DKEFS Letter Sequencing scaled score",,,,,,,"[letterfluency] = ""1""",,,,,,
dkefstrails_switch_raw,neuropsych_tests,,text,"DKEFS Number-Letter Switching raw score",,,,,,,"[letterfluency] = ""1""",,,,,,
dkefstrails_switch_ss,neuropsych_tests,,text,"DKEFS Number-Letter Switching scaled score",,,,,,,"[letterfluency] = ""1""",,,,,,
dkefstrails_errors_raw,neuropsych_tests,,text,"DKEFS Total Errors raw score",,,,,,,"[letterfluency] = ""1""",,,,,,
dkefstrails_errors_ss,neuropsych_tests,,text,"DKEFS Total Errors scaled score",,,,,,,"[letterfluency] = ""1""",,,,,,
dkefstrails_mot_speed_raw,neuropsych_tests,,text,"DKEFS Motor Speed raw score",,,,,,,"[letterfluency] = ""1""",,,,,,
dkefstrails_mot_speed_ss,neuropsych_tests,,text,"DKEFS Motor Speed scaled score",,,,,,,"[letterfluency] = ""1""",,,,,,
dkefstower_ach_score_raw,neuropsych_tests,,text,"DKEFS Tower Achievement Score raw score",,,,,,,"[letterfluency] = ""1""",,,,,,
dkefstower_ach_score_ss,neuropsych_tests,,text,"DKEFS Tower Achievement Score scaled score",,,,,,,"[letterfluency] = ""1""",,,,,,
dkefstower_mean1move_raw,neuropsych_tests,,text,"DKEFS Tower Mean First Move Time raw score",,,,,,,"[letterfluency] = ""1""",,,,,,
dkefstower_mean1move_ss,neuropsych_tests,,text,"DKEFS Tower Mean First Move Time scaled score",,,,,,,"[letterfluency] = ""1""",,,,,,
dkefstower_timepermove_raw,neuropsych_tests,,text,"DKEFS Tower Time/Move Ratio raw score",,,,,,,"[letterfluency] = ""1""",,,,,,
dkefstower_timepermove_ss,neuropsych_tests,,text,"DKEFS Tower Time/Move Ratio scaled score",,,,,,,"[letterfluency] = ""1""",,,,,,
dkefstower_move_acc_raw,neuropsych_tests,,text,"DKEFS Tower Move Accuracy Ratio raw score",,,,,,,"[letterfluency] = ""1""",,,,,,
dkefstower_move_acc_ss,neuropsych_tests,,text,"DKEFS Tower Move Accuracy Ratio scaled score",,,,,,,"[letterfluency] = ""1""",,,,,,
dkefstower_rule_viol_raw,neuropsych_tests,,text,"DKEFS Tower Rule-Violation/Item Ratio raw score",,,,,,,"[letterfluency] = ""1""",,,,,,
dkefstower_rule_viol_ss,neuropsych_tests,,text,"DKEFS Tower Rule-Violation/Item Ratio scaled score",,,,,,,"[letterfluency] = ""1""",,,,,,
dkefstower_tot_rvs_raw,neuropsych_tests,,text,"DKEFS Tower Total Rule Violations raw score",,,,,,,"[letterfluency] = ""1""",,,,,,
dkefstower_tot_rvs_perc,neuropsych_tests,,radio,"DKEFS Tower Total Rule Violations percentile","1, <2 | 2, 3-5 | 3, 17-25 | 4, 26-50 | 5, 51-75 | 6, >75",,,,,,"[letterfluency] = ""1""",,,,,,
book,neuropsych_tests,,yesno,"Booklet Category Test",,,,,,,,,,,,,
book_cat_errors_raw,neuropsych_tests,,text,"Booklet Category Test errors raw score",,,,,,,"[book] = ""1""",,,,,,
book_cat_errors_ss,neuropsych_tests,,text,"Booklet Category Test errors standard score",,,,,,,"[book] = ""1""",,,,,,
tapset_raw,neuropsych_tests,,text,"Tapping Set raw score",,,,,,,,,,,,,
motseq_raw,neuropsych_tests,,text,"Motor Sequencing raw score",,,,,,,,,,,,,
ml_pde_raw,neuropsych_tests,,text,"Multiple Loops PDE raw score",,,,,,,,,,,,,
ml_pfe_raw,neuropsych_tests,,text,"Multiple Loops PFE raw score",,,,,,,,,,,,,
rs_pde_raw,neuropsych_tests,,text,"Recurrent Series PDE raw score",,,,,,,,,,,,,
rs_pfe_raw,neuropsych_tests,,text,"Recurrent Series PFE raw score",,,,,,,,,,,,,
pegs,neuropsych_tests,,yesno,"Grooved Pegboard",,,,,,,,,,,,,
pegs_dh_trial1_raw,neuropsych_tests,,text,"Grooved Pegboard Dominant Hand raw score",,,,,,,"[pegs] = ""1""",,,,,,
pegs_dh_trial1_ss,neuropsych_tests,,text,"Grooved Pegboard Dominant Hand standard score",,,,,,,"[pegs] = ""1""",,,,,,
pegs_ndh_trial1_raw,neuropsych_tests,,text,"Grooved Pegboard Non-Dominant Hand raw score",,,,,,,"[pegs] = ""1""",,,,,,
pegs_ndh_trial1_ss,neuropsych_tests,,text,"Grooved Pegboard Non-Dominant Hand standard score",,,,,,,"[pegs] = ""1""",,,,,,
gripstrength,neuropsych_tests,,yesno,"Grip Strength",,,,,,,,,,,,,
gripstrength_dh_raw,neuropsych_tests,,text,"Grip Strength Dominant Hand raw score",,,,,,,"[gripstrength] = ""1""",,,,,,
gripstrength_dh_ss,neuropsych_tests,,text,"Grip Strength Dominant Hand scaled score",,,,,,,"[gripstrength] = ""1""",,,,,,
gripstrength_ndh_raw,neuropsych_tests,,text,"Grip Strength Non-Dominant Hand raw score",,,,,,,"[gripstrength] = ""1""",,,,,,
gripstrength_ndh_ss,neuropsych_tests,,text,"Grip Strength Non-Dominant Hand scaled score",,,,,,,"[gripstrength] = ""1""",,,,,,
gds,neuropsych_tests,,yesno,"Geriatric Depression Scale",,,,,,,,,,,,,
gds_raw,neuropsych_tests,,text,"Geriatric Depression Scale raw score",,,,,,,"[gds] = ""1""",,,,,,
gds_class,neuropsych_tests,,radio,"Geriatric Depression Scale classification","0, WNL | 1, Mild | 2, Mod | 3, Sev",,,,,,"[gds] = ""1""",,,,,,
bdi,neuropsych_tests,,yesno,BDI,,,,,,,,,,,,,
bdi_raw,neuropsych_tests,,text,"BDI raw score",,,,,,,"[bdi] = ""1""",,,,,,
bdi_class,neuropsych_tests,,text,"BDI classification","0, Min | 1, Mild | 2, Mod | 3, Sev",,,,,,"[bdi] = ""1""",,,,,,
depression_label,neuropsych_tests,,text,"severity of depression (GDS or BDI)","0, WNL | 1, Mild | 2, Mod | 3, Sev",,,,,,"[bdi] = ""1""",,,,,,
adfacs,neuropsych_tests,,yesno,ADFACS,,,,,,,,,,,,,
adfacs_iadlperc,neuropsych_tests,,text,"ADFACS IADL percentile",,,,,,,"[adfacs] = ""1""",,,,,,
adfacs_adlperc,neuropsych_tests,,text,"ADFACS ADL percentile",,,,,,,"[adfacs] = ""1""",,,,,,
adfacs_tot,neuropsych_tests,,text,"ADFACS total score percentile",,,,,,,"[adfacs] = ""1""",,,,,,
maq,neuropsych_tests,,yesno,MAQ,,,,,,,,,,,,,
maq_physio_panic,neuropsych_tests,,text,"MAQ Physiological Panic T score converted to standard score",,,,,,,"[maq] = ""1""",,,,,,
maq_soc_pho,neuropsych_tests,,text,"MAQ Social Phobia T score converted to standard score",,,,,,,"[maq] = ""1""",,,,,,
maq_worry_fear,neuropsych_tests,,text,"MAQ Worry/Fears T score converted to standard score",,,,,,,"[maq] = ""1""",,,,,,
maq_neg_aff,neuropsych_tests,,text,"MAQ Negative Affectivity T score converted to standard score",,,,,,,"[maq] = ""1""",,,,,,
maq_tot,neuropsych_tests,,text,"Total MAQ T score converted to standard score",,,,,,,"[maq] = ""1""",,,,,,
bai,neuropsych_tests,,yesno,BAI,,,,,,,,,,,,,
bai_raw,neuropsych_tests,,text,"BAI raw score",,,,,,,"[bai] = ""1""",,,,,,
bai_ss,neuropsych_tests,,text,"BAI Scaled Score",,,,,,,"[bai] = ""1""",,,,,,
bai_class,neuropsych_tests,,radio,"BAI classification","0, Min | 1, Mild | 2, Mod | 3, Sev",,,,,,"[bai] = ""1""",,,,,,
cognitive_change,neuropsych_tests,,text,,,,,,,,,,,,,,
neuroreaderdate,neuroreader,NeuroReader,text,"Date of MRI scan with Neuroreader",,,,,,,,,,,,,
mtiv,neuroreader,,text,"Measured total intracranial volume (mTIV) mL",,,,,,,,,,,,,
wbv_vol,neuroreader,,text,"Whole Brain Volume mL",,,,,,,,,,,,,
wbv_tivperc,neuroreader,,text,"Whole Brain vol/mTIV ratio (%)",,,,,,,,,,,,,
wbv_zscore,neuroreader,,text,"Whole Brain Volume z score",,,,,,,,,,,,,
wbv_perc,neuroreader,,text,"Whole Brain Volume percentile",,,,,,,,,,,,,
graymatter_vol,neuroreader,,text,"Gray Matter Volume mL",,,,,,,,,,,,,
graymatter_tivperc,neuroreader,,text,"Gray Matter vol/mTIV ratio (%)",,,,,,,,,,,,,
graymatter_zscore,neuroreader,,text,"Gray Matter Volume z score",,,,,,,,,,,,,
graymatter_perc,neuroreader,,text,"Gray Matter Volume percentile",,,,,,,,,,,,,
whitematter_vol,neuroreader,,text,"White Matter Volume mL",,,,,,,,,,,,,
whitematter_tivperc,neuroreader,,text,"White Matter vol/mTIV ratio (%)",,,,,,,,,,,,,
whitematter_zscore,neuroreader,,text,"White Matter Volume z score",,,,,,,,,,,,,
whitematter_perc,neuroreader,,text,"White Matter Volume percentile",,,,,,,,,,,,,
hippocampus_asym_index,neuroreader,,text,"Hippocampus asymmetry index",,,,,,,,,,,,,
hippocampus_asym_zscor,neuroreader,,text,"Hippocampus asymmetry z score",,,,,,,,,,,,,
hippocampus_asym_percentile,neuroreader,,text,"Hippocampus asymmetry percentile",,,,,,,,,,,,,
hippocampus_vol,neuroreader,,text,"Hippocampus volume",,,,,,,,,,,,,
hippocampus_tivperc,neuroreader,,text,"Hippocampus vol/mTIV ratio(%)",,,,,,,,,,,,,
hippocampus_zscore,neuroreader,,text,"Hippocampus z score",,,,,,,,,,,,,
hippocampus_perc,neuroreader,,text,"Hippocampus percentile",,,,,,,,,,,,,
hippocampus_r_vol,neuroreader,,text,"Right hippocampus volume",,,,,,,,,,,,,
hippocampus_r_tivperc,neuroreader,,text,"Right hippocampus vol/mTIV ratio(%)",,,,,,,,,,,,,
hippocampus_r_zscore,neuroreader,,text,"Right hippocampus z score",,,,,,,,,,,,,
hippocampus_r_perc,neuroreader,,text,"Right hippocampus percentile",,,,,,,,,,,,,
hippocampus_l_vol,neuroreader,,text,"Left hippocampus volume",,,,,,,,,,,,,
hippocampus_l_tivperc,neuroreader,,text,"Left hippocampus vol/mTIV ratio(%)",,,,,,,,,,,,,
hippocampus_l_zscore,neuroreader,,text,"Left hippocampus z score",,,,,,,,,,,,,
hippocampus_l_perc,neuroreader,,text,"Left hippocampus percentile",,,,,,,,,,,,,
amygdala_vol,neuroreader,,text,"Amygdala volume",,,,,,,,,,,,,
amygdala_tivperc,neuroreader,,text,"Amygdala vol/mTIV ratio(%)",,,,,,,,,,,,,
amygdala_zscore,neuroreader,,text,"Amygdala z score",,,,,,,,,,,,,
amygdala_perc,neuroreader,,text,"Amygdala percentile",,,,,,,,,,,,,
amygdala_r_vol,neuroreader,,text,"Right amygdala volume",,,,,,,,,,,,,
amygdala_r_tivperc,neuroreader,,text,"Right amygdala vol/mTIV ratio(%)",,,,,,,,,,,,,
amygdala_r_zscore,neuroreader,,text,"Right amygdala z score",,,,,,,,,,,,,
amygdala_r_perc,neuroreader,,text,"Right amygdala percentile",,,,,,,,,,,,,
amygdala_l_vol,neuroreader,,text,"Left amygdala volume",,,,,,,,,,,,,
amygdala_l_tivperc,neuroreader,,text,"Left amygdala vol/mTIV ratio(%)",,,,,,,,,,,,,
amygdala_l_zscore,neuroreader,,text,"Left amygdala z score",,,,,,,,,,,,,
amygdala_l_perc,neuroreader,,text,"Left amygdala percentile",,,,,,,,,,,,,
putamen_vol,neuroreader,,text,"Putamen volume",,,,,,,,,,,,,
putamen_tivperc,neuroreader,,text,"Putamen vol/mTIV ratio(%)",,,,,,,,,,,,,
putamen_zscore,neuroreader,,text,"Putamen z score",,,,,,,,,,,,,
putamen_perc,neuroreader,,text,"Putamen percentile",,,,,,,,,,,,,
putamen_r_vol,neuroreader,,text,"Right putamen volume",,,,,,,,,,,,,
putamen_r_tivperc,neuroreader,,text,"Right putamen vol/mTIV ratio(%)",,,,,,,,,,,,,
putamen_r_zscore,neuroreader,,text,"Right putamen z score",,,,,,,,,,,,,
putamen_r_perc,neuroreader,,text,"Right putamen percentile",,,,,,,,,,,,,
putamen_l_vol,neuroreader,,text,"Left putamen volume",,,,,,,,,,,,,
putamen_l_tivperc,neuroreader,,text,"Left putamen vol/mTIV ratio(%)",,,,,,,,,,,,,
putamen_l_zscore,neuroreader,,text,"Left putamen z score",,,,,,,,,,,,,
putamen_l_perc,neuroreader,,text,"Left putamen percentile",,,,,,,,,,,,,
thalamus_vol,neuroreader,,text,"Thalamus volume",,,,,,,,,,,,,
thalamus_tivperc,neuroreader,,text,"Thalamus vol/mTIV ratio(%)",,,,,,,,,,,,,
thalamus_zscore,neuroreader,,text,"Thalamus z score",,,,,,,,,,,,,
thalamus_perc,neuroreader,,text,"Thalamus percentile",,,,,,,,,,,,,
thalamus_r_vol,neuroreader,,text,"Right thalamus volume",,,,,,,,,,,,,
thalamus_r_tivperc,neuroreader,,text,"Right thalamus vol/mTIV ratio(%)",,,,,,,,,,,,,
thalamus_r_zscore,neuroreader,,text,"Right thalamus z score",,,,,,,,,,,,,
thalamus_r_perc,neuroreader,,text,"Right thalamus percentile",,,,,,,,,,,,,
thalamus_l_vol,neuroreader,,text,"Left thalamus volume",,,,,,,,,,,,,
thalamus_l_tivperc,neuroreader,,text,"Left thalamus vol/mTIV ratio(%)",,,,,,,,,,,,,
thalamus_l_zscore,neuroreader,,text,"Left thalamus z score",,,,,,,,,,,,,
thalamus_l_perc,neuroreader,,text,"Left thalamus percentile",,,,,,,,,,,,,
ventd_vol,neuroreader,,text,"Ventral diencephalon volume",,,,,,,,,,,,,
ventd_tivperc,neuroreader,,text,"Ventral diencephalon vol/mTIV ratio(%)",,,,,,,,,,,,,
ventd_zscore,neuroreader,,text,"Ventral diencephalon z score",,,,,,,,,,,,,
ventd_perc,neuroreader,,text,"Ventral diencephalon percentile",,,,,,,,,,,,,
ventd_r_vol,neuroreader,,text,"Right Ventral diencephalon volume",,,,,,,,,,,,,
ventd_r_tivperc,neuroreader,,text,"Right Ventral diencephalon vol/mTIV ratio(%)",,,,,,,,,,,,,
ventd_r_zscore,neuroreader,,text,"Right Ventral diencephalon z score",,,,,,,,,,,,,
ventd_r_perc,neuroreader,,text,"Right Ventral diencephalon percentile",,,,,,,,,,,,,
ventd_l_vol,neuroreader,,text,"Left Ventral diencephalon volume",,,,,,,,,,,,,
ventd_l_tivperc,neuroreader,,text,"Left Ventral diencephalon vol/mTIV ratio(%)",,,,,,,,,,,,,
ventd_l_zscore,neuroreader,,text,"Left Ventral diencephalon z score",,,,,,,,,,,,,
ventd_l_perc,neuroreader,,text,"Left Diencephalon ventricles percentile",,,,,,,,,,,,,
pallidum_vol,neuroreader,,text,"Pallidum volume",,,,,,,,,,,,,
pallidum_tivperc,neuroreader,,text,"Pallidum vol/mTIV ratio(%)",,,,,,,,,,,,,
pallidum_zscore,neuroreader,,text,"Pallidum z score",,,,,,,,,,,,,
pallidum_perc,neuroreader,,text,"Pallidum percentile",,,,,,,,,,,,,
pallidum_r_vol,neuroreader,,text,"Right pallidum volume",,,,,,,,,,,,,
pallidum_r_tivperc,neuroreader,,text,"Right pallidum vol/mTIV ratio(%)",,,,,,,,,,,,,
pallidum_r_zscore,neuroreader,,text,"Right pallidum z score",,,,,,,,,,,,,
pallidum_r_perc,neuroreader,,text,"Right pallidum percentile",,,,,,,,,,,,,
pallidum_l_vol,neuroreader,,text,"Left pallidum volume",,,,,,,,,,,,,
pallidum_l_tivperc,neuroreader,,text,"Left pallidum vol/mTIV ratio(%)",,,,,,,,,,,,,
pallidum_l_zscore,neuroreader,,text,"Left pallidum z score",,,,,,,,,,,,,
pallidum_l_perc,neuroreader,,text,"Left pallidum percentile",,,,,,,,,,,,,
caudate_vol,neuroreader,,text,"Caudate volume",,,,,,,,,,,,,
caudate_tivperc,neuroreader,,text,"Caudate vol/mTIV ratio(%)",,,,,,,,,,,,,
caudate_zscore,neuroreader,,text,"Caudate z score",,,,,,,,,,,,,
caudate_perc,neuroreader,,text,"Caudate percentile",,,,,,,,,,,,,
caudate_r_vol,neuroreader,,text,"Right caudate volume",,,,,,,,,,,,,
caudate_r_tivperc,neuroreader,,text,"Right caudate vol/mTIV ratio(%)",,,,,,,,,,,,,
caudate_r_zscore,neuroreader,,text,"Right caudate z score",,,,,,,,,,,,,
caudate_r_perc,neuroreader,,text,"Right caudate percentile",,,,,,,,,,,,,
caudate_l_vol,neuroreader,,text,"Left caudate volume",,,,,,,,,,,,,
caudate_l_tivperc,neuroreader,,text,"Left caudate vol/mTIV ratio(%)",,,,,,,,,,,,,
caudate_l_zscore,neuroreader,,text,"Left caudate z score",,,,,,,,,,,,,
caudate_l_perc,neuroreader,,text,"Left caudate percentile",,,,,,,,,,,,,
brainstem_vol,neuroreader,,text,"Brain stem volume",,,,,,,,,,,,,
brainstem_tivperc,neuroreader,,text,"Brain stem vol/mTIV ratio(%)",,,,,,,,,,,,,
brainstem_zscore,neuroreader,,text,"Brain stem z score",,,,,,,,,,,,,
brainstem_perc,neuroreader,,text,"Brain stem percentile",,,,,,,,,,,,,
frontallobe_vol,neuroreader,,text,"Frontal lobe volume",,,,,,,,,,,,,
frontallobe_tivperc,neuroreader,,text,"Frontal lobe vol/mTIV ratio(%)",,,,,,,,,,,,,
frontallobe_zscore,neuroreader,,text,"Frontal lobe z score",,,,,,,,,,,,,
frontallobe_perc,neuroreader,,text,"Frontal lobe percentile",,,,,,,,,,,,,
frontallobe_r_vol,neuroreader,,text,"Right Frontal lobe volume",,,,,,,,,,,,,
frontallobe_r_tivperc,neuroreader,,text,"Right Frontal lobe vol/mTIV ratio(%)",,,,,,,,,,,,,
frontallobe_r_zscore,neuroreader,,text,"Right Frontal lobe z score",,,,,,,,,,,,,
frontallobe_r_perc,neuroreader,,text,"Right Frontal lobe percentile",,,,,,,,,,,,,
frontallobe_l_vol,neuroreader,,text,"Left Frontal lobe volume",,,,,,,,,,,,,
frontallobe_l_tivperc,neuroreader,,text,"Left Frontal lobe vol/mTIV ratio(%)",,,,,,,,,,,,,
frontallobe_l_zscore,neuroreader,,text,"Left Frontal lobe z score",,,,,,,,,,,,,
frontallobe_l_perc,neuroreader,,text,"Left Frontal lobe percentile",,,,,,,,,,,,,
parietallobe_vol,neuroreader,,text,"Parietal lobe volume",,,,,,,,,,,,,
parietallobe_tivperc,neuroreader,,text,"Parietal lobe vol/mTIV ratio(%)",,,,,,,,,,,,,
parietallobe_zscore,neuroreader,,text,"Parietal lobe z score",,,,,,,,,,,,,
parietallobe_perc,neuroreader,,text,"Parietal lobe percentile",,,,,,,,,,,,,
parietallobe_r_vol,neuroreader,,text,"Right Parietal lobe volume",,,,,,,,,,,,,
parietallobe_r_tivperc,neuroreader,,text,"Right Parietal lobe vol/mTIV ratio(%)",,,,,,,,,,,,,
parietallobe_r_zscore,neuroreader,,text,"Right Parietal lobe z score",,,,,,,,,,,,,
parietallobe_r_perc,neuroreader,,text,"Right Parietal lobe percentile",,,,,,,,,,,,,
parietallobe_l_vol,neuroreader,,text,"Left Parietal lobe volume",,,,,,,,,,,,,
parietallobe_l_tivperc,neuroreader,,text,"Left Parietal lobe vol/mTIV ratio(%)",,,,,,,,,,,,,
parietallobe_l_zscore,neuroreader,,text,"Left Parietal lobe z score",,,,,,,,,,,,,
parietallobe_l_perc,neuroreader,,text,"Left Parietal lobe percentile",,,,,,,,,,,,,
occipitallobe_vol,neuroreader,,text,"Occipital lobe volume",,,,,,,,,,,,,
occipitallobe_tivperc,neuroreader,,text,"Occipital lobe vol/mTIV ratio(%)",,,,,,,,,,,,,
occipitallobe_zscore,neuroreader,,text,"Occipital lobe z score",,,,,,,,,,,,,
occipitallobe_perc,neuroreader,,text,"Occipital lobe percentile",,,,,,,,,,,,,
occipitallobe_r_vol,neuroreader,,text,"Right Occipital lobe volume",,,,,,,,,,,,,
occipitallobe_r_tivperc,neuroreader,,text,"Right Occipital lobe vol/mTIV ratio(%)",,,,,,,,,,,,,
occipitallobe_r_zscore,neuroreader,,text,"Right Occipital lobe z score",,,,,,,,,,,,,
occipitallobe_r_perc,neuroreader,,text,"Right Occipital lobe percentile",,,,,,,,,,,,,
occipitallobe_l_vol,neuroreader,,text,"Left Occipital lobe volume",,,,,,,,,,,,,
occipitallobe_l_tivperc,neuroreader,,text,"Left Occipital lobe vol/mTIV ratio(%)",,,,,,,,,,,,,
occipitallobe_l_zscore,neuroreader,,text,"Left Occipital lobe z score",,,,,,,,,,,,,
occipitallobe_l_perc,neuroreader,,text,"Left Occipital lobe percentile",,,,,,,,,,,,,
temporallobe_vol,neuroreader,,text,"Temporal lobe volume",,,,,,,,,,,,,
temporallobe_tivperc,neuroreader,,text,"Temporal lobe vol/mTIV ratio(%)",,,,,,,,,,,,,
temporallobe_zscore,neuroreader,,text,"Temporal lobe z score",,,,,,,,,,,,,
temporallobe_perc,neuroreader,,text,"Temporal lobe percentile",,,,,,,,,,,,,
temporallobe_r_vol,neuroreader,,text,"Right Temporal lobe volume",,,,,,,,,,,,,
temporallobe_r_tivperc,neuroreader,,text,"Right Temporal lobe vol/mTIV ratio(%)",,,,,,,,,,,,,
temporallobe_r_zscore,neuroreader,,text,"Right Temporal lobe z score",,,,,,,,,,,,,
temporallobe_r_perc,neuroreader,,text,"Right Temporal lobe percentile",,,,,,,,,,,,,
temporallobe_l_vol,neuroreader,,text,"Left Temporal lobe volume",,,,,,,,,,,,,
temporallobe_l_tivperc,neuroreader,,text,"Left Temporal lobe vol/mTIV ratio(%)",,,,,,,,,,,,,
temporallobe_l_zscore,neuroreader,,text,"Left Temporal lobe z score",,,,,,,,,,,,,
temporallobe_l_perc,neuroreader,,text,"Left Temporal lobe percentile",,,,,,,,,,,,,
cerebellum_vol,neuroreader,,text,"Cerebellum volume",,,,,,,,,,,,,
cerebellum_tivperc,neuroreader,,text,"Cerebellum vol/mTIV ratio(%)",,,,,,,,,,,,,
cerebellum_zscore,neuroreader,,text,"Cerebellum z score",,,,,,,,,,,,,
cerebellum_perc,neuroreader,,text,"Cerebellum percentile",,,,,,,,,,,,,
cerebellum_r_vol,neuroreader,,text,"Right cerebellum volume",,,,,,,,,,,,,
cerebellum_r_tivperc,neuroreader,,text,"Right cerebellum vol/mTIV ratio(%)",,,,,,,,,,,,,
cerebellum_r_zscore,neuroreader,,text,"Right cerebellum z score",,,,,,,,,,,,,
cerebellum_r_perc,neuroreader,,text,"Right cerebellum percentile",,,,,,,,,,,,,
cerebellum_l_vol,neuroreader,,text,"Left cerebellum volume",,,,,,,,,,,,,
cerebellum_l_tivperc,neuroreader,,text,"Left cerebellum vol/mTIV ratio(%)",,,,,,,,,,,,,
cerebellum_l_zscore,neuroreader,,text,"Left cerebellum z score",,,,,,,,,,,,,
cerebellum_l_perc,neuroreader,,text,"Left cerebellum percentile",,,,,,,,,,,,,
csf_dura_vol,neuroreader,,text,"CSF dura matter volume",,,,,,,,,,,,,
csf_dura_tivperc,neuroreader,,text,"CSF dura matter vol/mTIV ratio(%)",,,,,,,,,,,,,
csf_dura_zscore,neuroreader,,text,"CSF dura matter z score",,,,,,,,,,,,,
csf_dura_perc,neuroreader,,text,"CSF dura matter percentile",,,,,,,,,,,,,
lateralvent_vol,neuroreader,,text,"Lateral ventricles volume",,,,,,,,,,,,,
lateralvent_tivperc,neuroreader,,text,"Lateral ventricles vol/mTIV ratio(%)",,,,,,,,,,,,,
lateralvent_zscore,neuroreader,,text,"Lateral ventricles z score",,,,,,,,,,,,,
lateralvent_perc,neuroreader,,text,"Lateral ventricles percentile",,,,,,,,,,,,,
lateralvent_r_vol,neuroreader,,text,"Right Lateral ventricles volume",,,,,,,,,,,,,
lateralvent_r_tivperc,neuroreader,,text,"Right Lateral ventricles vol/mTIV ratio(%)",,,,,,,,,,,,,
lateralvent_r_zscore,neuroreader,,text,"Right Lateral ventricles z score",,,,,,,,,,,,,
lateralvent_r_perc,neuroreader,,text,"Right Lateral ventricles percentile",,,,,,,,,,,,,
lateralvent_l_vol,neuroreader,,text,"Left Lateral ventricles volume",,,,,,,,,,,,,
lateralvent_l_tivperc,neuroreader,,text,"Left Lateral ventricles vol/mTIV ratio(%)",,,,,,,,,,,,,
lateralvent_l_zscore,neuroreader,,text,"Left Lateral ventricles z score",,,,,,,,,,,,,
lateralvent_l_perc,neuroreader,,text,"Left Lateral ventricles percentile",,,,,,,,,,,,,
wm_load,neuroreader,,text,"Fazekas grading by Mohit",,,,,,,,,,,,,
fazekas,neuroreader,,text,"Fazekas rating",,,,,,,,,,,,,
filter_,neuroreader,,text,"Neurobehav_anc > 0 (FILTER)",,,,,,,,,,,,,
cognitivereserve1,other,,text,"educ (yrs), occup (categorized), WRAT_1 (SS) A-R factor score 1 for analysis 2",,,,,,,,,,,,,
cognitivereserve2,other,,text,"educ (yrs), occup (categorized), WRAT (SS with missing data) A-R facotr score 1 for analysis 2",,,,,,,,,,,,,
cognitivereserve3,other,,text,"educ (yrs), occup (categorized) A-R factor score 1 for analysis 3",,,,,,,,,,,,,
cognitivereserve4,other,,text,"educ (yrs), WRAT (SS w missing data), A_R factor score 1 for analysis 2",,,,,,,,,,,,,
cognitivereserve1_dichot,other,,radio,"Median split of CognitiveReserve1","0, Low CR | 1, High CR",,,,,,,,,,,,
cognitivereserve2_dichot,other,,radio,"Median split of CognitiveReserve2","0, Low CR | 1, High CR",,,,,,,,,,,,
cognitivereserve3_dichot,other,,radio,"Median split of CognitiveReserve3","0, Low CR | 1, High CR",,,,,,,,,,,,
cognitivereserve4_dichot,other,,radio,"Median split of CognitiveReserve4","0, Low CR | 1, High CR",,,,,,,,,,,,
cognitivereserve5_dichot,other,,radio,"Median split of CognitiveReserve5","0, Low CR | 1, High CR",,,,,,,,,,,,
cr_btwmeasurevariability,other,,radio,,"0, Consistently Low CR | 1, Mixed; Low CR on most measures | 2, Mixed; High CR on most measures | 3, Consistently high CR | 4, Only 1 measure available",,,,,,,,,,,,
cogresfactor1,other,,text,"REGR factor score   1 for analysis 1 (ed. yrs., occup. cat., wrat SS)",,,,,,,,,,,,,
cogresfactor3,other,,text,"REGR factor score   1 for analysis 1 (ed. yrs., occup. cat. reclass. homemaker, wrat SS)",,,,,,,,,,,,,
cogresfactor5,other,,text,"REGR factor score   1 for analysis 1 (ed. yrs., wrat SS)",,,,,,,,,,,,,
grouped_cogresfactor1,other,,text,"Median split on CogResFactor1",,,,,,,,,,,,,
grouped_cogresfactor2,other,,text,"Median split of CogResFactor2",,,,,,,,,,,,,
grouped_cogresfactor3,other,,text,"Median split of CogResFactor3",,,,,,,,,,,,,
grouped_cogresfactor4,other,,text,"Median split of CogResFactor4",,,,,,,,,,,,,
grouped_cogresfactor5,other,,text,"Median split of CogResFactor5",,,,,,,,,,,,,
grouped_cogresfactor6,other,,text,"Median split of CogResFactor6",,,,,,,,,,,,,
cogresfactor2,other,,text,"REGR factor score   1 for analysis 1 (ed. lvl., occup. cat., wrat SS)",,,,,,,,,,,,,
cogresfactor4,other,,text,"REGR factor score   1 for analysis 2 (ed. lvl., occup. cat. reclass. homemaker, wrat SS)",,,,,,,,,,,,,
cogresfactor6,other,,text,"REGR factor score   1 for analysis 3 (ed. lvl., wrat SS)",,,,,,,,,,,,,
